Year Sold,Lot Area,Year Built,Zip Code,Quality
2010,31770,1960,15,6
2010,11622,1961,15,5
2010,14267,1958,15,6
2010,11160,1968,15,7
2010,13830,1997,8,5
2010,9978,1998,8,6
2010,4920,2001,25,8
2010,5005,1992,25,8
2010,5389,1995,25,8
2010,7500,1999,8,7
2010,10000,1993,8,6
2010,7980,1992,8,6
2010,8402,1998,8,6
2010,10176,1990,8,7
2010,6820,1985,25,8
2010,53504,2003,25,8
2010,12134,1988,8,8
2010,11394,2010,25,9
2010,19138,1951,8,4
2010,13175,1978,17,6
2010,11751,1977,17,6
2010,10625,1974,17,7
2010,7500,2000,24,7
2010,11241,1970,15,6
2010,12537,1971,15,5
2010,8450,1968,15,5
2010,8400,1970,15,4
2010,10500,1971,15,4
2010,5858,1999,15,7
2010,1680,1971,2,6
2010,1680,1971,2,5
2010,1680,1971,2,6
2010,4043,1977,16,6
2010,2280,1975,16,6
2010,2280,1975,16,7
2010,2280,1978,16,6
2010,12858,2009,19,9
2010,11478,2007,19,8
2010,10159,2009,19,9
2010,12883,2009,19,8
2010,12182,2005,19,7
2010,11520,2005,19,9
2010,14122,2005,19,8
2010,10171,2004,19,7
2010,12919,2009,19,9
2010,6371,2009,19,7
2010,14300,2003,19,9
2010,13650,2002,19,8
2010,7658,2005,19,9
2010,7132,2006,19,8
2010,2628,2003,19,7
2010,18494,2005,8,6
2010,3203,2006,0,7
2010,3182,2004,0,8
2010,13300,2004,8,7
2010,7851,2002,8,6
2010,8577,2004,8,7
2010,7750,2000,8,7
2010,9505,2001,8,7
2010,14774,1999,18,9
2010,17433,1998,18,8
2010,10593,1996,18,7
2010,12256,1994,18,8
2010,11764,1999,18,8
2010,16770,1998,18,7
2010,14720,1995,18,8
2010,8987,2005,24,8
2010,9215,2009,24,7
2010,8640,2009,24,7
2010,9000,2008,24,8
2010,12552,2004,24,7
2010,10440,2005,24,6
2010,10142,2004,23,7
2010,11920,2004,23,7
2010,8880,1994,23,7
2010,8012,1980,23,6
2010,11218,1992,23,6
2010,7892,1979,23,6
2010,7175,1984,23,6
2010,9453,1993,23,7
2010,9672,1984,23,6
2010,8400,1980,23,6
2010,9800,1920,23,5
2010,8930,1978,22,6
2010,11782,1961,22,5
2010,8450,1965,22,5
2010,9819,1967,22,5
2010,7500,1963,22,5
2010,6897,1962,22,5
2010,15410,1974,22,6
2010,10186,1992,18,7
2010,13143,1993,18,8
2010,11134,1992,18,8
2010,4835,2004,24,7
2010,3515,2004,24,7
2010,3215,2004,24,7
2010,3182,2004,24,7
2010,2544,2004,24,7
2010,2544,2005,24,6
2010,4403,2009,24,7
2010,2117,2000,24,6
2010,2980,2000,24,6
2010,2572,1999,24,7
2010,2403,2003,24,7
2010,12853,2010,24,8
2010,7379,2000,24,8
2010,4420,1980,9,8
2010,3880,1978,9,8
2010,13517,1976,22,6
2010,8000,2002,24,7
2010,10456,1967,17,6
2010,10791,1993,17,6
2010,10603,1977,17,6
2010,18837,1978,17,6
2010,10421,1988,17,7
2010,9360,1972,17,6
2010,9600,1971,17,6
2010,9600,1966,15,5
2010,9790,1963,17,6
2010,9320,1959,15,4
2010,9900,1966,15,5
2010,9680,1967,15,5
2010,10600,1964,15,6
2010,14112,1964,15,5
2010,8800,1963,15,6
2010,13260,1962,15,5
2010,9717,1950,15,5
2010,9724,1952,15,5
2010,17360,1949,15,6
2010,7207,1958,3,5
2010,5350,1940,3,3
2010,9920,1954,15,5
2010,9600,1955,15,6
2010,7800,1954,15,5
2010,11380,1966,15,6
2010,11600,1960,15,5
2010,19900,1970,15,7
2010,16492,1966,15,6
2010,8267,1958,15,5
2010,8197,2003,15,7
2010,8050,1959,15,5
2010,10552,1959,15,5
2010,8400,1957,15,5
2010,8760,1959,15,6
2010,12160,1959,15,5
2010,9300,1960,15,5
2010,10725,1959,15,5
2010,10032,1959,15,6
2010,8382,1956,15,4
2010,10950,1952,15,5
2010,10895,1955,15,5
2010,13587,1958,15,5
2010,7922,1953,15,5
2010,7898,1920,15,4
2010,7200,1955,15,5
2010,10200,1954,15,5
2010,5868,1956,15,5
2010,17503,1948,15,6
2010,6979,1980,20,6
2010,9830,1959,15,5
2010,11275,1967,15,7
2010,8064,1948,15,6
2010,7500,1959,15,5
2010,8520,1952,15,5
2010,7200,1951,15,5
2010,10000,1962,15,6
2010,7635,1960,15,5
2010,9760,1963,15,6
2010,7700,1966,15,6
2010,4800,1900,20,4
2010,8800,1910,20,4
2010,4485,1920,20,5
2010,8960,1927,20,5
2010,5805,1957,20,5
2010,5790,1915,20,3
2010,4608,1945,20,4
2010,7200,1940,20,5
2010,5500,1929,20,5
2010,6900,1938,20,6
2010,11851,1948,20,5
2010,8239,1920,20,5
2010,9656,1923,20,2
2010,8520,1928,20,6
2010,9600,1900,20,8
2010,10800,1915,20,5
2010,9000,1890,20,8
2010,9045,1910,20,5
2010,7407,1957,20,6
2010,7740,1910,20,4
2010,11340,1885,20,4
2010,10560,1922,20,6
2010,5830,1950,3,5
2010,7793,1922,3,7
2010,5000,1925,3,4
2010,6000,1939,3,6
2010,6000,1940,3,6
2010,6360,1942,3,5
2010,6000,1948,3,6
2010,6240,1936,3,5
2010,6240,1930,3,5
2010,6120,1923,20,6
2010,10300,1921,20,7
2010,8094,1915,20,4
2010,12900,1912,20,6
2010,3068,1920,20,6
2010,8472,1963,11,5
2010,5600,1930,11,4
2010,7630,1900,20,5
2010,24090,1940,4,7
2010,15263,1959,4,5
2010,10632,1917,4,5
2010,9900,1915,21,5
2010,6001,1940,21,6
2010,6449,1907,21,4
2010,6048,1910,21,5
2010,6342,1875,22,5
2010,10773,1967,22,4
2010,10778,1968,22,4
2010,11625,1965,22,5
2010,11341,1957,22,5
2010,8521,1967,22,5
2010,8246,1968,22,5
2010,7800,1966,22,5
2010,9364,1969,22,6
2010,7832,1968,22,5
2010,7424,1978,22,5
2010,11227,1968,22,5
2010,11616,1978,22,6
2010,14000,1996,4,7
2010,20062,1977,4,7
2010,9259,1927,22,4
2010,9600,1950,22,4
2010,23595,1979,4,7
2010,17082,1978,4,6
2010,18600,1938,7,3
2010,10625,1920,7,5
2010,11479,1950,7,6
2010,9571,1956,7,5
2010,9350,1947,7,4
2010,9525,1954,7,5
2010,10420,2009,7,6
2010,17485,2009,7,7
2010,11200,1964,7,5
2010,11100,1946,7,4
2010,9206,1985,23,6
2010,11980,1987,23,7
2010,12361,1993,23,6
2010,9938,1993,23,7
2010,9069,1992,23,6
2010,10475,2008,5,8
2010,6762,2006,5,7
2010,10402,2009,5,7
2010,7360,2010,5,7
2010,12376,1990,23,7
2010,14235,1900,23,6
2010,8816,1971,4,6
2010,11105,1996,5,5
2010,9337,1997,5,7
2010,8750,1998,5,6
2010,15240,1977,5,5
2010,10900,1977,5,6
2010,10650,1976,5,5
2010,7480,1972,5,5
2010,10389,2003,5,8
2010,11423,2001,5,8
2010,9548,2003,5,7
2010,9375,1997,5,7
2010,12137,1998,5,7
2010,4435,2003,5,6
2010,4426,2004,5,6
2010,10635,2003,5,8
2010,8400,2004,5,7
2010,8773,2004,5,7
2010,8777,1945,7,3
2010,8842,1954,7,5
2010,9825,1965,7,5
2010,10044,1968,7,5
2010,11792,1948,7,4
2010,6305,1975,7,6
2010,7819,1976,7,6
2010,6410,1958,7,4
2010,8546,2003,7,4
2010,8741,1945,7,6
2010,12180,1941,7,4
2010,8562,1957,7,5
2010,4853,1924,21,5
2010,6858,1915,21,6
2010,8212,1914,7,3
2010,5000,1924,21,5
2010,7890,1939,21,6
2010,7200,1967,21,4
2010,9839,1931,21,5
2010,9638,1919,21,6
2010,10452,1941,6,7
2010,15600,1950,6,5
2010,9042,1941,6,7
2010,17500,1959,6,7
2010,19645,1994,6,7
2010,3907,1989,1,8
2010,3907,1989,1,8
2010,15602,1959,6,7
2010,5436,1922,11,4
2010,8154,1941,11,2
2010,9140,1921,11,6
2010,7500,1920,11,4
2010,8712,1900,11,4
2010,8712,1952,11,5
2010,8712,1896,11,4
2010,3811,2004,6,8
2010,11050,1998,14,8
2010,9620,1977,14,6
2010,9196,2003,14,7
2010,12328,1976,14,6
2010,12760,1976,14,6
2010,57200,1948,26,5
2010,11896,2008,26,7
2010,9803,2009,26,7
2010,9802,2006,26,5
2010,12003,2009,26,8
2010,11316,2002,26,7
2010,14191,2002,26,8
2010,13214,2008,26,9
2010,15300,1965,14,5
2010,10114,2004,14,5
2010,9400,1971,14,6
2010,11875,1999,14,5
2010,1974,1973,13,4
2010,2394,1973,13,5
2010,2592,1976,13,5
2010,1476,1970,13,4
2010,1491,1972,13,4
2010,1900,1970,13,4
2010,1890,1972,13,4
2010,6953,1971,14,5
2010,26142,1962,14,5
2010,12887,1984,14,5
2010,7700,1985,14,5
2010,10475,1991,14,5
2010,10544,1969,14,5
2010,9892,1994,14,8
2010,12961,1993,14,6
2009,13008,1956,15,6
2009,10200,1974,15,6
2009,13860,1972,15,8
2009,10179,1997,8,6
2009,11792,2003,8,8
2009,8400,1996,8,7
2009,14892,2006,8,9
2009,8530,1995,8,7
2009,7296,2004,25,8
2009,5664,2000,25,8
2009,7380,1998,25,8
2009,8013,1995,25,8
2009,8923,1998,8,7
2009,10141,1998,8,7
2009,7500,1998,8,6
2009,7837,1993,8,6
2009,9765,1993,8,6
2009,8803,1994,8,6
2009,7250,1993,8,6
2009,9636,1992,8,6
2009,8125,1994,8,6
2009,9248,1992,8,6
2009,10762,1999,8,7
2009,11851,1990,8,7
2009,5814,1984,25,8
2009,17423,2008,25,9
2009,11844,2008,25,8
2009,16158,2005,25,7
2009,11900,1977,8,5
2009,13005,1980,17,7
2009,17043,1979,17,6
2009,11900,1977,17,7
2009,16635,1977,17,6
2009,13250,1978,17,7
2009,10928,1978,17,6
2009,12388,1980,17,7
2009,14115,1980,17,7
2009,11088,1978,17,6
2009,9600,1981,17,8
2009,11880,1978,17,7
2009,10400,1976,17,7
2009,10304,1976,17,5
2009,7000,2003,24,7
2009,8004,2009,24,8
2009,7500,2000,24,8
2009,8470,2002,24,8
2009,9373,1975,17,5
2009,10140,1974,17,6
2009,11050,1975,17,7
2009,10140,1974,17,6
2009,10448,1972,17,6
2009,9000,1974,15,5
2009,8750,1970,15,5
2009,7930,1969,15,6
2009,7830,1970,15,5
2009,8510,1971,15,5
2009,7038,1970,15,4
2009,6960,1970,15,4
2009,8120,1970,15,4
2009,10500,1971,15,4
2009,9000,1971,15,4
2009,1680,1973,2,6
2009,2368,1970,2,5
2009,1680,1971,2,5
2009,1680,1972,2,6
2009,1680,1972,2,6
2009,1680,1972,2,5
2009,4928,1976,16,6
2009,2308,1976,16,6
2009,2280,1976,16,6
2009,2280,1975,16,7
2009,2308,1974,16,6
2009,2349,1977,16,6
2009,2364,1978,16,6
2009,2289,1978,16,6
2009,2364,1978,16,6
2009,2104,1976,16,7
2009,7150,1967,15,5
2009,10710,1966,15,5
2009,12456,2006,19,10
2009,14257,2007,19,9
2009,13518,2008,19,9
2009,15431,2008,19,10
2009,13173,2006,19,9
2009,14230,2007,19,8
2009,12704,2008,19,8
2009,12350,2009,19,9
2009,11308,2008,19,9
2009,12350,2008,19,9
2009,12220,2009,19,10
2009,13478,2008,19,10
2009,13693,2007,19,10
2009,13891,2008,19,9
2009,11578,2008,19,9
2009,16870,2004,19,8
2009,23303,2007,19,8
2009,11146,2006,19,8
2009,10367,2008,19,9
2009,9591,2004,19,8
2009,10872,2006,19,9
2009,13514,2008,19,9
2009,8834,2004,19,9
2009,11362,2004,19,8
2009,10655,2003,19,8
2009,12878,2003,19,7
2009,9541,2009,19,7
2009,13472,2003,19,10
2009,15274,2003,19,9
2009,13262,2003,19,8
2009,9658,2006,19,8
2009,6904,2005,19,6
2009,5381,2005,19,6
2009,5122,2005,19,6
2009,10307,2007,19,7
2009,5001,2007,19,7
2009,14836,2004,19,10
2009,15262,2003,19,8
2009,7390,2008,19,9
2009,6472,2008,19,9
2009,16770,2002,19,8
2009,6240,2006,19,8
2009,3480,2003,19,7
2009,2268,2003,19,7
2009,10928,2005,8,7
2009,8918,2005,8,6
2009,12589,2005,8,6
2009,11911,2005,8,6
2009,3684,2007,0,7
2009,3635,2007,0,7
2009,3182,2005,0,7
2009,3182,2005,0,7
2009,3182,2005,0,7
2009,3182,2005,0,7
2009,7795,2004,8,7
2009,8068,2002,8,6
2009,9434,2004,8,7
2009,7984,2004,8,7
2009,7750,2002,8,8
2009,10125,2004,8,7
2009,8965,2003,8,7
2009,8174,2003,8,7
2009,5063,2007,19,7
2009,8795,2000,8,7
2009,12891,2002,8,8
2009,12224,2000,8,6
2009,9734,2004,8,7
2009,8123,2000,8,6
2009,8433,2000,8,6
2009,7750,1999,8,7
2009,15896,1999,8,7
2009,24682,1999,8,6
2009,8755,1999,8,7
2009,7848,1999,8,7
2009,9430,1999,18,8
2009,15138,1995,18,8
2009,12720,2000,18,8
2009,16545,1998,18,8
2009,12203,1998,18,8
2009,10208,1996,18,7
2009,10750,1994,18,8
2009,9900,1993,18,7
2009,9085,1995,18,7
2009,11692,1993,18,8
2009,46589,1994,18,8
2009,29959,1994,18,7
2009,9612,2008,24,8
2009,11194,2008,24,8
2009,10206,2008,24,8
2009,9262,2008,24,8
2009,10130,2007,24,8
2009,9139,2006,24,8
2009,9675,2005,24,7
2009,11128,2005,24,9
2009,8640,2009,24,7
2009,9000,2008,24,8
2009,7862,2009,24,6
2009,7993,2008,24,7
2009,8640,2009,24,8
2009,8640,2008,24,7
2009,12606,2007,24,9
2009,9187,2009,24,9
2009,7500,2006,24,8
2009,11003,2008,24,10
2009,10603,2006,24,8
2009,10574,2005,24,8
2009,8125,2006,24,7
2009,8125,2008,24,8
2009,10625,2006,24,7
2009,9375,2003,24,7
2009,7500,2004,24,7
2009,8736,2003,24,7
2009,8127,2003,24,7
2009,9605,2007,23,7
2009,7500,2006,23,7
2009,7500,2004,23,6
2009,10628,2004,23,7
2009,10141,2004,23,8
2009,10083,2003,23,7
2009,13072,2004,23,7
2009,13072,2004,23,5
2009,12450,2003,23,5
2009,7328,2008,23,7
2009,11492,1996,23,7
2009,10994,2005,23,8
2009,8529,2001,23,7
2009,7703,1992,23,6
2009,10762,1980,23,6
2009,7175,1990,23,6
2009,9109,1994,23,7
2009,10274,1986,23,6
2009,8250,1981,23,6
2009,8400,1950,23,4
2009,9000,1928,23,6
2009,9750,1962,22,5
2009,7064,1977,22,5
2009,8499,1961,22,5
2009,9079,1961,22,5
2009,9316,1965,22,5
2009,7791,1963,22,5
2009,10000,1961,22,5
2009,8281,1965,22,5
2009,7150,1962,22,5
2009,15676,1980,27,8
2009,11949,1991,18,7
2009,2880,2004,24,7
2009,3951,2009,24,6
2009,3000,2009,24,6
2009,3830,2008,24,6
2009,4217,2008,24,6
2009,3230,1999,24,6
2009,2998,2000,24,6
2009,3768,1999,24,7
2009,2645,1999,24,8
2009,14694,1977,27,8
2009,3782,1981,9,8
2009,15417,1981,27,7
2009,9600,1976,27,8
2009,9991,1976,22,4
2009,11700,1968,17,6
2009,11717,1970,17,6
2009,9156,1968,17,6
2009,10382,1973,17,7
2009,12732,1974,17,7
2009,12936,1972,17,6
2009,10400,1967,17,6
2009,17871,1967,17,6
2009,9600,1969,17,5
2009,9000,1969,17,6
2009,13774,1977,17,7
2009,9650,1977,17,6
2009,10140,1998,17,7
2009,8400,2001,17,8
2009,7130,1967,15,5
2009,9600,1967,15,5
2009,9100,1965,15,5
2009,9600,1974,17,7
2009,16500,1971,17,6
2009,9790,1967,17,6
2009,7436,1960,15,4
2009,8125,1959,15,5
2009,9100,1959,15,6
2009,9450,1957,15,4
2009,13495,1956,15,5
2009,11475,1958,15,5
2009,10004,1964,15,6
2009,9350,1961,15,5
2009,10500,1964,15,5
2009,11000,1966,15,5
2009,8970,1965,15,5
2009,12095,1964,15,6
2009,9600,1959,15,5
2009,11475,1961,15,6
2009,9768,1955,15,5
2009,5330,1940,3,4
2009,7015,1950,3,5
2009,12160,1953,15,6
2009,9900,1967,15,6
2009,9600,1953,15,6
2009,9600,1956,15,5
2009,9600,1950,15,6
2009,9600,1950,15,5
2009,8944,1967,15,5
2009,10573,1961,15,6
2009,9500,1963,15,6
2009,14695,1966,15,6
2009,13600,1965,15,7
2009,13000,1968,15,6
2009,13560,1968,15,6
2009,12513,1920,15,4
2009,8760,1956,15,5
2009,8400,1957,15,6
2009,12285,1960,15,7
2009,9240,1959,15,6
2009,9600,1958,15,6
2009,12400,1958,15,6
2009,8750,1956,15,5
2009,8750,1955,15,5
2009,10400,1956,15,4
2009,19296,1962,15,6
2009,8532,1954,15,5
2009,9482,1958,15,5
2009,8128,1954,15,6
2009,10634,1953,15,5
2009,13070,1951,15,5
2009,10434,1955,15,4
2009,14559,1951,15,5
2009,8480,1945,15,5
2009,7626,1952,15,5
2009,9533,1953,15,5
2009,10615,1900,20,3
2009,11419,1948,15,7
2009,9600,1950,15,5
2009,8000,1948,15,6
2009,5470,1958,20,3
2009,10410,1916,20,5
2009,10800,1939,20,5
2009,8146,1900,20,4
2009,9022,1924,20,5
2009,10230,1925,20,5
2009,10410,1915,20,4
2009,7200,1910,20,7
2009,5400,1940,20,2
2009,5400,1920,20,4
2009,10800,1920,20,5
2009,10800,1890,20,3
2009,9671,1969,15,6
2009,10143,1963,15,6
2009,11500,1967,15,6
2009,11643,1969,15,5
2009,8010,1958,15,6
2009,10454,1957,15,6
2009,8712,1957,15,5
2009,17600,1960,15,6
2009,9000,1958,15,6
2009,12144,1949,15,5
2009,8544,1950,15,3
2009,8064,1950,15,6
2009,7200,1949,15,4
2009,7200,1950,15,5
2009,7350,1958,15,5
2009,7560,1958,15,5
2009,7200,1952,15,5
2009,8000,1959,15,5
2009,7931,1959,15,5
2009,10800,1949,15,4
2009,8064,1948,15,6
2009,7570,1964,15,6
2009,8604,1978,15,5
2009,7936,1963,15,6
2009,6600,1962,15,5
2009,3950,1926,20,6
2009,10440,1910,20,5
2009,4080,1935,20,6
2009,10307,1910,20,6
2009,5720,1941,20,5
2009,15660,1910,20,5
2009,9900,1910,20,5
2009,6406,1939,20,5
2009,6600,1892,20,5
2009,7627,1920,20,4
2009,7596,1952,20,5
2009,3378,1946,20,7
2009,10134,1910,20,5
2009,6000,1953,20,4
2009,6000,1950,20,5
2009,6000,1954,20,5
2009,7404,1920,20,4
2009,5925,1940,20,2
2009,5925,1910,20,3
2009,5784,1938,20,5
2009,8520,1923,20,5
2009,4456,1920,20,4
2009,9600,1910,20,4
2009,3500,1947,20,5
2009,8100,1898,20,5
2009,11700,1880,20,7
2009,8400,1900,20,6
2009,3600,1917,20,6
2009,17671,1882,20,8
2009,3300,1910,20,4
2009,9000,1920,20,7
2009,7200,1910,20,5
2009,8820,1890,20,5
2009,5400,1920,20,6
2009,9720,1910,20,6
2009,7879,1920,11,4
2009,9392,1900,11,3
2009,21384,1923,3,5
2009,6615,1923,3,6
2009,7264,1925,3,7
2009,4960,1930,3,5
2009,8854,1916,3,6
2009,6000,1936,3,4
2009,6000,1937,3,6
2009,6000,1925,3,5
2009,6000,1939,3,6
2009,6000,1924,3,5
2009,6000,1926,3,6
2009,6911,1924,3,5
2009,6120,1936,3,5
2009,6120,1935,3,4
2009,6120,1936,3,2
2009,6120,1931,3,5
2009,6120,1925,3,5
2009,6120,1938,3,5
2009,8635,1925,3,5
2009,11888,1916,3,6
2009,11414,1910,3,7
2009,8094,1915,20,6
2009,2500,1915,20,7
2009,9928,1915,20,7
2009,5520,1912,20,6
2009,3000,1922,20,5
2009,6876,1927,11,6
2009,6240,1925,11,4
2009,5775,1915,20,6
2009,5852,1902,20,7
2009,5160,1927,11,6
2009,5160,1923,11,4
2009,10320,1915,11,6
2009,4280,1946,22,4
2009,10800,1987,7,5
2009,10800,1987,7,5
2009,10547,1978,7,5
2009,10020,1922,7,1
2009,6629,1925,7,6
2009,9780,1934,7,5
2009,12886,1963,22,5
2009,8816,1963,22,5
2009,11184,1978,22,6
2009,11625,1967,22,5
2009,7800,1967,22,5
2009,8014,1978,22,6
2009,7252,1982,22,5
2009,8740,1982,22,5
2009,11616,1962,22,5
2009,15400,1961,22,5
2009,15312,1960,22,6
2009,15584,1956,4,5
2009,9000,1947,22,2
2009,11250,1957,4,4
2009,25095,1968,4,5
2009,17140,1956,7,4
2009,12342,1940,7,4
2009,10708,1955,4,5
2009,13680,1955,7,3
2009,15635,1954,7,4
2009,9855,1956,7,6
2009,9571,1956,7,5
2009,9571,1958,7,5
2009,9350,1946,7,6
2009,9340,1941,7,4
2009,7440,1954,7,5
2009,11500,1957,7,4
2009,4235,1984,7,5
2009,11409,1949,7,5
2009,9060,1939,7,6
2009,9084,1940,7,4
2009,10778,1990,23,7
2009,19255,1983,23,6
2009,12327,1983,23,8
2009,14684,1990,23,7
2009,9317,1993,23,7
2009,10560,1993,23,7
2009,9828,1995,23,8
2009,26400,1880,23,5
2009,7018,1979,23,5
2009,7018,1979,23,5
2009,7018,1979,23,5
2009,7018,1979,23,5
2009,7018,1979,23,5
2009,7018,1979,23,5
2009,7040,1979,23,5
2009,7007,1979,23,5
2009,11855,2000,23,7
2009,7939,2000,23,7
2009,7976,2000,23,7
2009,10933,2009,5,9
2009,10637,2007,5,8
2009,10226,2008,5,8
2009,10816,2008,5,9
2009,9178,2008,5,8
2009,10769,2007,5,8
2009,11422,2007,5,8
2009,11923,2007,5,9
2009,8814,2006,5,7
2009,6762,2007,5,7
2009,10324,2008,5,8
2009,7314,2007,5,7
2009,11645,2005,5,8
2009,11646,2005,5,6
2009,12800,1989,23,7
2009,16698,1992,4,7
2009,28698,1967,4,5
2009,12464,1996,5,5
2009,9757,1994,5,5
2009,15426,1997,5,6
2009,10667,1996,5,7
2009,14753,1998,5,7
2009,10859,1994,5,5
2009,8072,1994,5,5
2009,10400,1998,5,7
2009,10335,1999,5,7
2009,9017,1999,5,7
2009,8750,1998,5,6
2009,8935,2002,5,7
2009,9808,2002,5,7
2009,12420,2001,5,7
2009,16285,2001,5,7
2009,10739,2002,5,7
2009,11166,2001,5,7
2009,8430,1978,5,5
2009,16269,1978,5,5
2009,6950,1979,5,5
2009,8800,1977,5,5
2009,7000,1978,5,5
2009,9286,1977,5,5
2009,15523,1972,5,5
2009,7200,1972,5,5
2009,7200,1972,5,5
2009,8445,1972,5,5
2009,11664,2002,5,7
2009,12334,2003,5,8
2009,11838,2001,5,8
2009,11885,2001,5,8
2009,11050,2000,5,9
2009,8749,2002,5,7
2009,11250,2001,5,7
2009,15750,1999,5,8
2009,11883,1996,5,7
2009,12782,2002,5,8
2009,8750,1997,5,7
2009,9375,1997,5,7
2009,8750,1996,5,7
2009,9100,2001,5,7
2009,9750,2000,5,7
2009,4435,2003,5,6
2009,4435,2003,5,6
2009,10200,2007,5,8
2009,9313,2004,5,7
2009,8487,2004,5,7
2009,8633,2005,5,6
2009,11069,2007,5,6
2009,8777,1949,7,4
2009,9937,1964,7,5
2009,8877,1938,7,4
2009,7301,2003,7,7
2009,7950,1977,7,6
2009,10682,1960,7,4
2009,7200,1976,7,6
2009,13286,2007,7,9
2009,3675,2005,7,6
2009,9405,1947,7,5
2009,6410,1959,7,4
2009,11767,1950,7,5
2009,8405,1945,7,4
2009,4060,1922,7,5
2009,10206,1952,7,3
2009,10926,1959,7,5
2009,11767,1956,7,5
2009,8926,1956,7,4
2009,12354,1920,7,6
2009,8212,1941,7,5
2009,10998,1941,7,5
2009,6300,1938,21,5
2009,4500,1932,21,5
2009,8400,1920,21,2
2009,9900,1940,21,6
2009,15863,1920,21,7
2009,5707,1935,21,6
2009,7804,1928,21,4
2009,8574,1916,6,6
2009,6171,1925,21,6
2009,7200,1936,21,7
2009,7558,1928,6,6
2009,6292,1928,21,7
2009,7155,1918,6,7
2009,10918,1926,6,7
2009,13680,1940,6,5
2009,7500,1942,6,6
2009,9600,1940,6,5
2009,14680,1960,6,5
2009,13360,1921,6,5
2009,7681,1921,6,5
2009,8145,1940,6,7
2009,9100,1954,6,5
2009,12000,1941,6,7
2009,13339,1960,6,6
2009,15600,1949,6,5
2009,14000,1950,6,6
2009,17500,1954,6,6
2009,1733,1980,1,6
2009,1488,1980,1,6
2009,1612,1980,1,6
2009,1300,1980,1,6
2009,13607,1986,6,6
2009,17597,1971,6,7
2009,21695,1988,6,6
2009,10690,1920,11,5
2009,8660,1900,11,5
2009,6402,1920,11,5
2009,8470,1915,11,3
2009,10200,1925,11,4
2009,3843,2007,6,8
2009,21780,1910,11,2
2009,10125,2000,14,8
2009,12822,2003,14,7
2009,12118,2004,14,7
2009,12209,2001,14,6
2009,9750,1977,14,6
2009,9360,1977,14,6
2009,10125,1977,14,5
2009,9947,1990,14,7
2009,11070,1991,14,5
2009,14375,1958,26,6
2009,215245,1965,26,7
2009,12898,2007,26,9
2009,13159,2009,26,7
2009,13438,2008,26,9
2009,14463,2008,26,9
2009,8925,2007,26,8
2009,11457,1988,26,6
2009,9839,1980,26,6
2009,14419,1987,26,7
2009,6853,2001,26,8
2009,9157,2003,26,7
2009,14601,2006,26,9
2009,12633,2007,26,9
2009,12518,1968,14,5
2009,21750,1960,14,5
2009,4500,1998,14,6
2009,4500,1999,14,6
2009,1596,1973,13,4
2009,9858,1968,14,5
2009,1526,1970,13,4
2009,13383,1969,14,5
2009,1477,1970,13,4
2009,1533,1970,13,4
2009,2217,1970,13,4
2009,7689,1972,14,5
2009,7706,1993,14,6
2009,9101,1978,14,5
2009,8780,1985,14,5
2009,7669,1992,14,5
2009,14115,1993,14,5
2009,10429,1992,14,5
2009,9819,1977,14,6
2009,10457,1969,14,5
2008,11029,1958,15,6
2008,12925,1970,15,6
2008,11075,1969,15,6
2008,8702,1997,8,6
2008,8139,1995,8,6
2008,9535,1998,8,6
2008,9042,1998,8,6
2008,15038,1996,8,6
2008,14137,1996,8,5
2008,21872,1996,8,7
2008,4923,2001,25,8
2008,6264,1997,25,8
2008,5395,1993,25,8
2008,5070,1992,25,8
2008,10839,1997,8,6
2008,11184,1998,8,6
2008,8000,1995,8,6
2008,10832,1994,8,7
2008,14067,1991,8,6
2008,4671,1988,25,8
2008,5950,1989,25,8
2008,13543,2005,25,8
2008,11198,2005,25,9
2008,15401,2004,25,9
2008,31220,1952,8,6
2008,8118,2007,25,9
2008,47280,1950,8,6
2008,20544,1986,17,7
2008,12680,1988,17,7
2008,12090,1981,17,6
2008,10825,1983,17,7
2008,18559,1978,17,7
2008,14450,1979,17,7
2008,12227,1977,17,6
2008,13068,1976,17,6
2008,15611,1977,17,5
2008,10400,1980,17,7
2008,9743,1969,17,5
2008,12511,1978,17,7
2008,11361,1976,17,6
2008,10400,1976,17,6
2008,10480,1976,17,7
2008,10000,1973,17,5
2008,14311,1996,17,8
2008,9000,1974,15,5
2008,9750,1969,15,6
2008,10295,1969,15,4
2008,7560,1971,15,5
2008,12735,1972,15,4
2008,4060,1998,15,6
2008,1680,1973,2,6
2008,1680,1973,2,6
2008,1890,1972,2,6
2008,1869,1970,2,6
2008,1680,1971,2,6
2008,1680,1971,2,6
2008,1680,1972,2,5
2008,4043,1977,16,6
2008,2308,1975,16,6
2008,2529,1977,16,7
2008,9477,1966,15,5
2008,12444,2008,19,8
2008,12474,2007,19,10
2008,14803,2007,19,10
2008,14948,2008,19,9
2008,12704,2007,19,8
2008,13891,2007,19,8
2008,13693,2007,19,8
2008,14418,2007,19,9
2008,13418,2006,19,9
2008,12539,2005,19,10
2008,12151,2005,19,9
2008,8899,2007,19,8
2008,10574,2004,19,8
2008,12720,2003,19,10
2008,13688,2003,19,9
2008,10625,2003,19,7
2008,10845,2003,19,8
2008,16900,2001,19,8
2008,16451,2003,19,8
2008,10110,2008,19,9
2008,8769,2008,19,9
2008,12304,2005,19,7
2008,12677,2003,19,8
2008,8849,2005,19,9
2008,8232,2007,19,9
2008,6240,2006,19,8
2008,6240,2006,19,8
2008,2448,2003,19,7
2008,2448,2003,19,7
2008,8198,2004,19,7
2008,3940,2003,0,7
2008,3940,2004,0,7
2008,3182,2005,0,7
2008,3182,2007,0,7
2008,3710,2007,0,7
2008,9024,2004,8,6
2008,7415,2004,8,6
2008,9587,2005,8,7
2008,8029,2005,8,6
2008,8010,2002,8,7
2008,8396,2003,8,7
2008,7301,2007,19,7
2008,10261,2000,8,6
2008,8220,2000,8,7
2008,15384,2004,8,7
2008,7750,2002,8,7
2008,12460,1999,8,7
2008,8390,1999,8,7
2008,9660,1997,18,8
2008,9200,1998,18,8
2008,14260,2000,18,8
2008,11000,2000,18,9
2008,11675,1998,18,8
2008,10990,1996,18,7
2008,11929,1995,18,8
2008,10437,1995,18,8
2008,10542,1993,18,7
2008,10010,1993,18,7
2008,10944,1994,18,7
2008,14303,1994,18,8
2008,11932,2007,24,8
2008,14598,2007,24,6
2008,11957,2006,24,8
2008,13253,2006,24,7
2008,14587,2008,24,9
2008,10206,2007,24,8
2008,12274,2008,24,7
2008,9801,2007,24,8
2008,9428,2007,24,8
2008,10037,2006,24,8
2008,8640,2007,24,8
2008,8640,2007,24,7
2008,11639,2007,24,7
2008,9803,2005,24,7
2008,9375,2003,24,8
2008,10625,2005,24,7
2008,10800,2007,24,8
2008,8125,2007,24,7
2008,10625,2007,24,8
2008,7500,2007,24,7
2008,8791,2003,24,6
2008,7500,2004,23,7
2008,10110,2003,23,6
2008,12774,2003,23,7
2008,13072,2005,23,6
2008,13695,2004,23,5
2008,13695,2003,23,6
2008,8366,2004,23,6
2008,9260,2007,23,7
2008,8453,1995,23,6
2008,8480,1993,23,6
2008,8125,1994,23,6
2008,14565,1994,23,7
2008,8450,2001,23,6
2008,8285,1992,23,7
2008,7153,1991,23,6
2008,9291,1993,23,6
2008,8012,1993,23,6
2008,7892,1993,23,6
2008,9100,1963,22,5
2008,12968,1962,22,5
2008,8100,1961,22,5
2008,8450,1968,22,5
2008,6360,1963,22,5
2008,6768,1961,22,6
2008,19508,1974,27,6
2008,10759,1972,22,5
2008,9205,1990,18,6
2008,11025,1993,18,9
2008,4282,2004,24,7
2008,4017,2006,24,7
2008,3435,2004,24,7
2008,3180,2005,24,6
2008,3180,2007,24,7
2008,3604,2007,24,7
2008,2280,1999,24,7
2008,2280,1999,24,6
2008,4765,2000,24,9
2008,4538,2001,24,9
2008,4385,2001,24,9
2008,4109,1999,24,9
2008,5119,1999,24,9
2008,2160,1999,24,7
2008,2160,1999,24,7
2008,10646,2001,24,7
2008,2645,1999,24,8
2008,2645,1999,24,8
2008,3951,1998,24,10
2008,14963,1996,27,8
2008,11064,1995,27,8
2008,10846,1993,27,8
2008,11120,1984,27,6
2008,24572,1977,27,9
2008,16280,1976,27,8
2008,7500,2002,24,7
2008,10400,1970,17,7
2008,11104,1969,17,6
2008,11050,1968,17,6
2008,11040,1971,17,6
2008,15387,1967,17,7
2008,9750,1965,17,5
2008,10800,1974,17,6
2008,8814,1968,15,5
2008,8872,1965,15,5
2008,8125,1965,15,5
2008,11072,1965,15,5
2008,13101,1965,15,5
2008,9246,1973,17,5
2008,13355,1971,17,7
2008,8963,1976,17,8
2008,9120,1974,17,6
2008,9130,1966,17,6
2008,12122,1961,15,7
2008,9900,1968,17,7
2008,7785,1956,15,5
2008,8593,1957,15,4
2008,8475,1956,15,4
2008,8700,1963,15,5
2008,10175,1964,15,6
2008,9020,1966,15,6
2008,9200,1965,15,6
2008,8250,1964,15,6
2008,9350,1965,15,5
2008,9020,1964,15,6
2008,9900,1961,15,5
2008,10007,1959,15,5
2008,10721,1959,15,6
2008,12493,1960,15,4
2008,11332,1960,15,5
2008,6627,1949,3,3
2008,4130,1935,3,3
2008,7420,1939,3,5
2008,4882,1937,3,4
2008,9600,1960,15,5
2008,9600,1950,15,6
2008,9600,1950,15,5
2008,9600,1955,15,6
2008,7584,1953,15,5
2008,13700,1965,15,7
2008,10197,1961,15,6
2008,7875,1961,15,5
2008,8400,1962,15,6
2008,9150,1962,15,6
2008,14670,1966,15,6
2008,7390,1955,15,5
2008,9204,1963,15,5
2008,7763,1962,15,5
2008,8856,1957,15,5
2008,9840,1959,15,5
2008,9120,1958,15,6
2008,13200,1958,15,6
2008,9000,1956,15,6
2008,11900,1957,15,6
2008,9464,1958,15,6
2008,10425,1956,15,5
2008,11556,1952,15,5
2008,9373,1953,15,5
2008,12774,1953,15,5
2008,14250,1957,15,6
2008,7350,1951,15,5
2008,7677,1953,15,5
2008,8838,1957,15,5
2008,8480,1947,15,5
2008,12436,1957,15,5
2008,10122,1948,20,4
2008,7506,1925,20,5
2008,10930,1945,15,5
2008,5400,1940,20,4
2008,10836,1922,20,5
2008,10800,1900,20,4
2008,9247,1962,15,6
2008,10180,1968,15,5
2008,11355,1958,15,7
2008,10920,1960,15,6
2008,12929,1960,15,6
2008,27650,1960,15,7
2008,8892,1953,15,5
2008,7200,1951,15,5
2008,7200,1950,15,5
2008,7910,1960,15,5
2008,8000,1959,15,5
2008,8000,1962,15,5
2008,7931,1960,15,5
2008,8064,1948,15,6
2008,6390,1954,15,6
2008,7227,1954,15,6
2008,7200,1954,15,6
2008,8513,1961,15,5
2008,7200,1955,15,5
2008,7200,1954,15,5
2008,7056,1963,15,6
2008,9760,1964,15,6
2008,7590,1963,15,5
2008,9836,2008,20,6
2008,5232,1925,20,5
2008,10440,1904,20,5
2008,9184,1948,20,5
2008,4800,1910,20,5
2008,10440,1920,20,6
2008,4800,1940,20,5
2008,6000,1915,20,6
2008,11426,1910,20,4
2008,11426,2003,20,7
2008,7628,1940,20,4
2008,7308,1920,20,5
2008,5400,1920,20,7
2008,10800,1940,20,6
2008,6756,1910,20,5
2008,5914,1890,20,5
2008,6000,1948,20,5
2008,12000,1948,20,5
2008,9000,1946,20,5
2008,7311,1946,20,2
2008,6000,1957,20,5
2008,6000,1954,20,4
2008,12205,1949,20,3
2008,18386,1880,20,7
2008,9142,1900,20,5
2008,12665,1915,20,5
2008,5350,1920,20,7
2008,4571,1916,20,5
2008,9143,1900,20,5
2008,9600,1920,20,5
2008,9600,1917,20,6
2008,6000,1905,20,5
2008,9600,1928,20,7
2008,10800,1905,20,6
2008,6300,1914,20,6
2008,5250,1872,20,8
2008,5700,1926,20,7
2008,13500,1893,20,10
2008,11340,1920,20,2
2008,10800,1890,20,7
2008,9750,1959,20,5
2008,12150,1954,20,5
2008,12702,1956,20,5
2008,8516,1958,20,4
2008,7111,1928,3,5
2008,7425,1945,3,7
2008,9100,1930,3,5
2008,7010,1935,3,5
2008,6130,1924,3,5
2008,5000,1941,3,5
2008,5870,1900,3,6
2008,6000,1940,3,6
2008,6000,1924,3,5
2008,6000,1929,3,6
2008,6000,1937,3,6
2008,6000,1939,3,6
2008,5000,1926,3,6
2008,5520,1920,3,5
2008,5940,1946,3,4
2008,6240,1929,3,4
2008,6120,1945,3,5
2008,6240,1930,3,5
2008,6240,1939,3,7
2008,6120,1923,20,5
2008,6120,1931,20,7
2008,6155,1920,3,6
2008,6324,1927,3,4
2008,8635,1948,3,5
2008,13053,1923,3,6
2008,9120,1925,3,7
2008,9144,1915,3,6
2008,9144,1940,3,5
2008,10267,1918,3,6
2008,8094,1910,20,6
2008,5100,1925,20,8
2008,4347,1910,20,6
2008,6291,1930,11,6
2008,10266,1952,11,6
2008,6876,1938,11,6
2008,10320,1915,11,5
2008,7200,1925,11,6
2008,7006,1925,11,6
2008,7920,1920,11,6
2008,8235,1955,20,5
2008,5586,1920,20,6
2008,10320,1912,11,5
2008,10320,1915,11,3
2008,10320,1906,11,6
2008,9488,1947,22,5
2008,8250,1968,22,5
2008,21286,1948,22,5
2008,17120,1959,4,4
2008,10106,1940,7,5
2008,11235,1963,22,5
2008,11200,1965,22,5
2008,13014,1978,22,6
2008,7162,1966,22,5
2008,10265,1967,22,5
2008,9764,1967,22,5
2008,7703,1978,22,6
2008,9981,1967,22,5
2008,7400,1984,22,5
2008,12900,1969,22,4
2008,12900,1920,22,5
2008,9000,1959,22,5
2008,8544,1966,22,5
2008,9239,1963,22,5
2008,14175,1956,22,6
2008,13284,1954,22,5
2008,13500,1960,4,6
2008,13825,1958,22,5
2008,10200,1940,22,5
2008,10532,1960,4,5
2008,8375,1941,22,5
2008,10200,1970,22,5
2008,2887,1996,4,6
2008,10005,1977,4,7
2008,20270,1979,4,7
2008,39104,1954,4,7
2008,53227,1954,4,4
2008,11512,1959,7,6
2008,5190,1948,7,7
2008,10452,1953,7,6
2008,45600,1908,4,6
2008,19550,1940,7,5
2008,21780,1918,7,6
2008,13728,1935,7,6
2008,9571,1956,7,5
2008,9350,1975,7,5
2008,9360,1962,7,6
2008,8405,1900,7,5
2008,7000,1910,7,5
2008,10880,1950,7,5
2008,9600,1924,7,6
2008,9084,1941,7,5
2008,11839,1990,23,7
2008,9771,1995,23,6
2008,9938,1994,23,7
2008,14171,1993,23,7
2008,10541,1996,23,7
2008,10616,2007,5,7
2008,9345,2007,5,8
2008,11778,2008,5,9
2008,11778,2008,5,9
2008,11228,1993,23,7
2008,11454,1995,23,8
2008,11500,1966,4,6
2008,12798,1997,4,6
2008,9750,1994,5,5
2008,9525,1995,5,5
2008,9245,1994,5,5
2008,8696,1997,5,7
2008,13142,1997,5,6
2008,8998,2000,5,7
2008,9179,1999,5,7
2008,8924,1998,5,7
2008,9382,1999,5,7
2008,12803,2002,5,7
2008,12435,2001,5,7
2008,12192,2000,5,7
2008,11250,2001,5,7
2008,9200,1975,5,5
2008,8385,1977,5,5
2008,12250,1978,5,5
2008,10970,1978,5,6
2008,9216,1975,5,5
2008,14330,1975,5,5
2008,7990,1975,5,5
2008,7180,1972,5,5
2008,7200,1972,5,5
2008,9742,2002,5,8
2008,9473,2002,5,8
2008,10316,2000,5,7
2008,10400,2001,5,7
2008,9066,1999,5,8
2008,11404,1998,5,7
2008,9240,2001,5,8
2008,9720,2001,5,9
2008,14860,2002,5,8
2008,11250,2002,5,8
2008,8158,2003,5,7
2008,10905,2003,5,7
2008,7226,2003,5,7
2008,11690,1999,5,8
2008,8750,1994,5,7
2008,4435,2003,5,6
2008,4426,2004,5,6
2008,13125,1997,5,6
2008,10126,1997,5,6
2008,9135,2002,5,7
2008,8450,2003,5,7
2008,9750,2004,5,7
2008,8450,2004,5,7
2008,8320,2004,5,7
2008,11049,2007,5,8
2008,11058,2007,5,7
2008,9627,2007,5,7
2008,8199,2005,5,7
2008,4426,2004,5,6
2008,4426,2004,5,6
2008,4438,2004,5,6
2008,4438,2004,5,6
2008,8777,1910,7,5
2008,8777,1900,7,5
2008,9825,1966,7,5
2008,9937,1965,7,5
2008,12102,1976,7,5
2008,6500,1976,7,6
2008,13907,1940,7,5
2008,10012,1972,7,4
2008,6931,2003,7,7
2008,9638,1977,7,6
2008,7200,1976,7,6
2008,7024,2005,7,4
2008,47007,1959,7,5
2008,63887,2008,7,10
2008,3675,2005,7,6
2008,6040,1955,7,4
2008,6012,1955,7,4
2008,12108,1955,7,4
2008,6845,1955,7,4
2008,6931,1955,7,4
2008,12180,1938,7,5
2008,8050,1947,7,5
2008,9520,1953,7,4
2008,11767,1946,7,5
2008,8172,1954,7,4
2008,16466,1955,7,5
2008,7692,1954,7,4
2008,5142,1923,7,4
2008,5604,1925,7,5
2008,8248,1914,7,3
2008,5687,1912,21,5
2008,12155,1925,21,6
2008,8400,1939,21,5
2008,8400,1925,21,6
2008,7290,1921,21,7
2008,8525,1911,21,5
2008,9842,1921,21,5
2008,7804,1930,21,6
2008,8969,1926,6,6
2008,11526,1922,6,6
2008,15576,1915,6,6
2008,15564,1914,6,6
2008,6292,1930,21,6
2008,7609,1925,6,8
2008,10480,1936,21,6
2008,9650,1923,6,6
2008,7200,1931,6,7
2008,11988,1934,6,6
2008,11700,1937,6,5
2008,9260,1938,6,5
2008,7801,1951,6,6
2008,9670,1935,6,8
2008,14100,1935,6,8
2008,15660,1939,6,7
2008,12392,1950,6,7
2008,26073,1956,6,5
2008,14778,1954,6,6
2008,1879,1980,1,6
2008,1950,1980,1,6
2008,7000,1926,11,6
2008,6000,1940,11,6
2008,3636,1922,11,4
2008,5890,1930,11,6
2008,6900,1940,11,5
2008,8155,1930,11,5
2008,6000,1967,11,5
2008,7392,1930,11,5
2008,9000,1958,11,5
2008,14584,1952,11,1
2008,5280,1895,11,4
2008,8500,1920,11,4
2008,5150,1910,11,4
2008,18000,1935,11,3
2008,9000,1920,11,4
2008,5587,2008,6,8
2008,3843,2007,6,8
2008,3811,2004,6,7
2008,3842,2004,6,8
2008,23730,1996,14,7
2008,13265,2002,14,8
2008,11050,1996,14,7
2008,9880,1977,14,6
2008,10125,1977,14,6
2008,10260,1976,14,5
2008,9990,1991,14,4
2008,164660,1965,26,5
2008,4084,1986,26,7
2008,15498,1976,26,8
2008,11563,2006,26,8
2008,9520,2007,26,8
2008,12852,2007,26,8
2008,9802,2006,26,5
2008,9735,2006,26,5
2008,12018,2008,26,7
2008,12890,1989,26,6
2008,12416,1986,26,6
2008,18265,1986,26,6
2008,10200,1988,26,6
2008,11202,2003,26,8
2008,7915,1999,26,6
2008,12244,2003,26,8
2008,11449,2007,26,8
2008,11447,2005,26,8
2008,8940,1997,14,7
2008,7060,1997,14,7
2008,9278,2007,14,5
2008,4500,1997,14,6
2008,14137,1964,14,4
2008,4224,1975,13,5
2008,2665,1976,13,5
2008,2665,1976,13,5
2008,1974,1973,13,4
2008,1596,1973,13,4
2008,17979,1968,14,5
2008,1477,1970,13,6
2008,1890,1972,13,4
2008,21750,1954,14,5
2008,6490,1983,14,5
2008,6951,1984,14,5
2008,6600,1982,14,5
2008,6600,1982,14,5
2008,6600,1982,14,5
2008,12508,1940,14,6
2008,12395,1984,14,5
2008,11075,1969,14,5
2008,56600,1900,11,5
2007,10667,1971,15,6
2007,10628,1970,15,7
2007,13651,1973,15,7
2007,15865,1970,15,8
2007,12394,2003,8,7
2007,10364,1995,8,6
2007,13869,1997,8,6
2007,8773,1997,8,6
2007,8872,1997,8,6
2007,5330,2000,25,8
2007,10147,1994,8,6
2007,8637,1999,8,6
2007,7875,1996,8,7
2007,7875,1995,8,7
2007,7500,1999,8,6
2007,9556,1992,8,7
2007,10784,1991,8,7
2007,9125,1992,8,7
2007,7655,1993,8,6
2007,18160,1964,8,6
2007,3696,1986,25,8
2007,5062,1984,25,7
2007,4740,1988,25,8
2007,5118,1990,25,8
2007,14157,2005,25,9
2007,12328,2005,25,8
2007,51974,2006,25,9
2007,41600,1969,8,5
2007,8035,2006,25,9
2007,8089,2007,25,8
2007,14082,2006,25,8
2007,13870,2006,25,10
2007,12546,1981,17,6
2007,10960,1984,17,6
2007,12090,1984,17,6
2007,12090,1981,17,7
2007,12299,1978,17,7
2007,11339,1979,17,7
2007,11952,1977,17,7
2007,12046,1976,17,6
2007,10395,1978,17,6
2007,11850,1984,17,6
2007,11584,1979,17,7
2007,10400,1979,17,6
2007,10793,1969,17,5
2007,13001,1971,17,6
2007,12243,1971,17,5
2007,11700,1968,17,6
2007,12384,1976,17,7
2007,8991,1976,17,7
2007,8000,1974,17,6
2007,10500,1971,15,5
2007,10530,1971,15,6
2007,7472,1972,15,7
2007,9457,1970,15,5
2007,7920,1970,15,5
2007,9758,1971,15,5
2007,8294,1971,15,4
2007,7340,1971,15,4
2007,17199,1961,15,4
2007,9000,1971,15,4
2007,4058,1998,15,7
2007,4113,2001,15,6
2007,10943,1997,15,6
2007,2205,1973,2,6
2007,1890,1973,2,6
2007,2058,1973,2,6
2007,2016,1970,2,5
2007,1920,1971,2,5
2007,4928,1976,16,6
2007,2308,1976,16,6
2007,2304,1978,16,7
2007,7150,1966,15,5
2007,12469,2006,19,9
2007,11694,2007,19,9
2007,12030,2007,19,8
2007,11825,2006,19,8
2007,12085,2007,19,8
2007,14333,2007,19,8
2007,14450,2006,19,9
2007,13641,2007,19,9
2007,13440,2006,19,8
2007,15431,2005,19,10
2007,14154,2006,19,7
2007,13891,2007,19,9
2007,14226,2006,19,8
2007,13693,2006,19,9
2007,11428,2006,19,8
2007,14977,2006,19,8
2007,13654,2005,19,9
2007,17169,2007,19,10
2007,16659,2007,19,8
2007,9591,2004,19,8
2007,9709,2007,19,8
2007,10562,2007,19,8
2007,13615,2006,19,9
2007,13069,2004,19,8
2007,12099,2004,19,8
2007,14277,2003,19,8
2007,11999,2003,19,8
2007,12568,2007,19,8
2007,9926,2005,19,7
2007,9254,2005,19,8
2007,10732,2006,19,8
2007,7577,2005,19,6
2007,3901,2005,19,6
2007,3903,2005,19,6
2007,6289,2005,19,6
2007,4590,2006,19,8
2007,4590,2006,19,8
2007,6442,2006,19,8
2007,7841,2005,19,9
2007,7313,2005,19,9
2007,7820,2007,19,9
2007,6240,2006,19,8
2007,3242,2003,19,7
2007,15810,2007,8,6
2007,10237,2005,8,6
2007,10237,2005,8,6
2007,13204,2006,8,7
2007,8857,2006,8,6
2007,9729,2006,8,6
2007,12216,2005,8,6
2007,9018,2007,8,7
2007,8993,2007,8,7
2007,8899,2007,8,7
2007,8499,2006,8,6
2007,8229,2007,8,6
2007,7713,2007,8,7
2007,7697,2007,8,7
2007,3922,2006,0,7
2007,3922,2006,0,7
2007,3621,2003,0,8
2007,3710,2007,0,7
2007,14572,2004,8,7
2007,16219,2004,8,7
2007,11084,2004,8,7
2007,11796,2004,8,7
2007,10936,2006,8,7
2007,8244,2004,8,7
2007,11950,2003,8,7
2007,7875,2003,8,7
2007,8063,2000,8,6
2007,8740,2002,8,7
2007,7917,1999,8,6
2007,9967,2000,8,7
2007,7750,2003,8,7
2007,9487,2000,8,6
2007,9649,1999,8,6
2007,15623,1996,18,10
2007,12191,1997,18,8
2007,11000,2000,18,8
2007,11400,2001,18,10
2007,10557,1998,18,9
2007,11002,1998,18,8
2007,10790,1998,18,7
2007,21535,1994,18,10
2007,9920,1996,18,7
2007,11787,1996,18,7
2007,9950,1995,18,7
2007,12257,1995,18,8
2007,12692,1992,18,8
2007,11762,1992,18,8
2007,9044,1996,18,8
2007,9910,2007,24,7
2007,11830,2007,24,8
2007,11670,2006,24,9
2007,15256,2007,24,8
2007,10612,2006,24,8
2007,12291,2007,24,10
2007,13501,2006,24,8
2007,9986,2006,24,8
2007,9965,2007,24,7
2007,9416,2007,24,7
2007,9849,2007,24,7
2007,10000,2006,24,8
2007,8847,2005,24,8
2007,9158,2007,24,8
2007,8251,2005,24,7
2007,10084,2004,24,8
2007,9605,2006,24,7
2007,8778,2006,24,8
2007,8640,2007,24,8
2007,9000,2006,24,7
2007,8640,2007,24,8
2007,10411,2007,24,5
2007,9000,2006,24,8
2007,9000,2007,24,8
2007,12217,2007,24,8
2007,11096,2006,24,8
2007,10207,2007,24,7
2007,10440,2007,24,8
2007,11824,2006,24,8
2007,10625,2004,24,6
2007,11143,2004,24,8
2007,7500,2006,23,6
2007,7500,2006,23,7
2007,12450,2003,23,5
2007,7441,2006,23,7
2007,8462,1994,23,6
2007,11613,1993,23,6
2007,8450,2000,23,7
2007,16196,1998,23,7
2007,8012,1992,23,6
2007,8012,1980,23,6
2007,9180,1983,23,5
2007,8400,1977,23,5
2007,6285,1977,22,5
2007,8480,1963,22,5
2007,7420,1962,22,5
2007,7758,1962,22,5
2007,6970,1961,22,4
2007,13673,1962,22,5
2007,7476,1968,22,5
2007,9945,1961,22,5
2007,6173,1967,22,5
2007,19522,1990,27,7
2007,17542,1974,27,7
2007,10751,1974,22,5
2007,16647,1975,22,5
2007,12712,1973,22,6
2007,9572,1990,18,8
2007,10678,1992,18,8
2007,4379,2004,24,8
2007,3523,2006,24,8
2007,3784,2006,24,8
2007,4230,2006,24,7
2007,3606,2006,24,7
2007,5330,2006,24,8
2007,4274,2006,24,7
2007,4251,2006,24,7
2007,2280,1999,24,6
2007,3230,1999,24,6
2007,2117,2000,24,6
2007,2117,2000,24,6
2007,2117,2000,24,6
2007,5105,2004,24,7
2007,2645,1999,24,8
2007,7399,1997,24,7
2007,7321,1999,24,7
2007,8010,2003,24,8
2007,8413,1998,24,8
2007,9466,1994,27,8
2007,12000,1980,27,7
2007,16157,1978,27,5
2007,10768,1976,27,5
2007,3840,1978,9,8
2007,9600,1976,27,6
2007,9600,1976,27,6
2007,17778,1981,27,8
2007,18890,1977,22,5
2007,7050,2001,24,7
2007,11700,1968,17,6
2007,8000,1970,17,6
2007,8723,1969,17,6
2007,11700,1968,17,6
2007,11358,1972,17,7
2007,9547,1993,17,7
2007,10530,1993,17,7
2007,11500,1976,17,5
2007,10738,1966,17,6
2007,9600,1973,17,7
2007,10800,1963,17,6
2007,8050,1967,15,5
2007,10355,1967,15,5
2007,10289,1965,15,5
2007,9503,1958,15,5
2007,10624,1964,15,5
2007,10899,1964,15,4
2007,12342,1960,15,5
2007,12772,1960,15,6
2007,8892,1960,15,5
2007,10482,1958,15,6
2007,7535,1958,15,5
2007,7450,1956,15,5
2007,8339,1959,15,5
2007,14357,1961,15,5
2007,8243,1961,15,5
2007,8680,1960,15,5
2007,8800,1966,15,7
2007,9200,1965,15,6
2007,9350,1964,15,6
2007,8800,1964,15,6
2007,11382,1964,15,6
2007,22002,1959,15,6
2007,14585,1960,15,6
2007,7388,1959,15,5
2007,9842,1962,15,4
2007,8280,1950,15,6
2007,12172,1940,15,5
2007,5000,1946,3,1
2007,5000,1946,3,3
2007,3500,1945,3,3
2007,5175,1958,3,5
2007,9500,1964,15,6
2007,9600,1955,15,5
2007,11345,1948,15,5
2007,9492,1941,15,5
2007,9480,1942,15,5
2007,8668,1968,15,5
2007,10050,1966,15,5
2007,9600,1961,15,6
2007,10150,1958,15,5
2007,11344,1958,15,5
2007,18450,1965,15,6
2007,8760,1957,15,6
2007,6860,1956,15,5
2007,8250,1963,15,5
2007,8176,1958,15,5
2007,9750,1958,15,6
2007,9250,1954,15,5
2007,11988,1957,15,6
2007,9100,1960,15,5
2007,9736,1957,15,6
2007,9770,1957,15,5
2007,10152,1956,15,5
2007,12155,1970,15,6
2007,12198,1955,15,5
2007,10050,1955,15,5
2007,11556,1953,15,5
2007,8078,1958,15,5
2007,10950,1952,15,6
2007,7942,1953,15,6
2007,8923,1953,15,5
2007,8540,1956,15,5
2007,7134,1955,15,5
2007,7150,1955,15,4
2007,8400,1955,15,5
2007,13300,1956,15,5
2007,9532,1953,15,4
2007,15783,1952,20,5
2007,14190,1890,20,4
2007,9600,1949,15,5
2007,12099,1953,15,5
2007,21281,1935,15,5
2007,10134,1940,20,5
2007,5500,1956,20,4
2007,10284,1925,20,4
2007,10800,1927,20,4
2007,10800,1895,20,5
2007,5400,1920,20,5
2007,10090,1963,15,7
2007,8700,1961,15,5
2007,8300,1968,15,6
2007,11606,1969,15,5
2007,8064,1949,15,5
2007,11664,1948,15,6
2007,10496,1949,15,6
2007,7200,1950,15,5
2007,7200,1950,15,5
2007,7200,1950,15,5
2007,7000,1960,15,5
2007,7500,1959,15,5
2007,7315,1958,15,5
2007,7903,1960,15,5
2007,8000,1960,15,5
2007,8000,1961,15,5
2007,7000,1961,15,5
2007,9760,1964,15,6
2007,7590,1962,15,5
2007,6600,1962,15,5
2007,6760,1962,15,5
2007,6978,1926,20,5
2007,9600,1910,20,5
2007,6000,1927,20,6
2007,4480,1922,20,5
2007,7200,1980,20,5
2007,3153,1920,20,5
2007,10800,1885,20,4
2007,7200,1940,20,5
2007,9000,1900,20,5
2007,6000,1948,20,3
2007,5925,1937,20,4
2007,5925,1900,20,4
2007,6000,1920,20,4
2007,9639,1900,20,4
2007,3880,1945,20,5
2007,8520,1923,20,5
2007,10337,1910,20,8
2007,9863,1927,20,6
2007,9600,1925,20,5
2007,4571,1910,20,5
2007,13600,1900,20,5
2007,8398,1910,20,6
2007,9900,1880,20,6
2007,3600,1930,20,5
2007,13500,1879,20,7
2007,7200,1910,20,6
2007,5400,1926,20,6
2007,8100,1948,20,5
2007,10800,1890,20,7
2007,9439,1930,20,5
2007,8626,1956,20,4
2007,11800,1949,20,4
2007,6854,1925,3,5
2007,8674,1950,3,5
2007,8731,1920,3,5
2007,8737,1923,3,6
2007,6125,1939,3,5
2007,6000,1939,3,6
2007,6000,1941,3,6
2007,6120,1939,3,5
2007,6240,1938,3,6
2007,6240,1939,3,5
2007,6240,1930,3,5
2007,6120,1926,3,5
2007,6120,1920,3,5
2007,6120,1929,3,7
2007,6240,1931,3,6
2007,6180,1926,3,6
2007,7755,1918,20,6
2007,13515,1919,3,6
2007,8850,1920,3,6
2007,8550,1926,3,5
2007,8730,1915,3,6
2007,5700,1929,20,7
2007,8520,1916,20,6
2007,5680,1901,20,5
2007,5680,1901,20,5
2007,7758,1931,11,7
2007,7449,1930,11,7
2007,13200,1963,11,6
2007,6882,1914,11,6
2007,9000,1937,11,6
2007,9780,1950,11,7
2007,10320,1915,11,6
2007,4330,1958,11,4
2007,7200,1920,11,5
2007,4800,1916,11,4
2007,12358,1941,20,5
2007,10120,1910,20,7
2007,4388,1930,20,5
2007,10320,1910,11,4
2007,12888,1937,22,7
2007,18030,1946,4,5
2007,8160,1940,7,5
2007,4484,1942,21,5
2007,11235,1963,22,5
2007,11235,1964,22,5
2007,14299,1964,22,4
2007,7943,1961,22,4
2007,14149,1964,22,5
2007,11677,1966,22,5
2007,8400,1966,22,6
2007,7094,1966,22,5
2007,8978,1968,22,5
2007,8425,1971,22,5
2007,8665,1968,22,5
2007,8398,1967,22,5
2007,7742,1966,22,5
2007,8724,1968,22,5
2007,8197,1977,22,6
2007,8169,1966,22,5
2007,14175,1956,22,5
2007,16779,1920,22,5
2007,25339,1918,22,5
2007,6960,1940,22,7
2007,11375,1954,22,6
2007,13770,1958,22,5
2007,9000,1945,22,4
2007,115149,1971,4,7
2007,11075,1984,4,6
2007,10029,1988,4,6
2007,17541,1948,7,5
2007,22692,1953,7,5
2007,17808,1946,7,4
2007,12671,1954,4,6
2007,12615,1950,7,6
2007,10512,1954,7,6
2007,5400,1958,21,5
2007,11515,1958,7,4
2007,7711,1977,7,4
2007,9098,1920,7,4
2007,3869,1984,7,5
2007,9280,1951,7,5
2007,11100,1951,7,5
2007,7550,1920,7,4
2007,9060,1957,7,5
2007,23920,1984,23,6
2007,10357,1990,23,7
2007,13474,1990,23,7
2007,10380,1986,23,7
2007,13125,1991,23,7
2007,11287,1989,23,7
2007,9317,1994,23,7
2007,9965,2007,5,7
2007,9965,2006,5,8
2007,9178,2007,5,8
2007,10481,2006,5,8
2007,10652,2006,5,7
2007,11175,2007,5,7
2007,10235,2007,5,8
2007,9588,2007,5,8
2007,8814,2005,5,7
2007,11103,2006,5,7
2007,8556,2006,5,7
2007,6762,2007,5,7
2007,11750,2005,5,7
2007,8760,2006,5,8
2007,7242,2005,5,7
2007,9316,2005,5,7
2007,9317,2006,5,6
2007,14364,1988,23,7
2007,8883,1988,23,7
2007,159000,1958,4,6
2007,53107,1992,4,6
2007,12205,1966,4,6
2007,20064,1976,4,8
2007,14217,1994,5,5
2007,8775,1994,5,5
2007,11249,1995,5,6
2007,10021,1997,5,6
2007,9531,1998,5,6
2007,8428,1994,5,5
2007,16561,1996,5,5
2007,8070,1994,5,4
2007,9337,1997,5,6
2007,10820,1999,5,7
2007,12352,1998,5,7
2007,9543,2001,5,7
2007,8826,2000,5,7
2007,10665,2003,5,7
2007,11317,2003,5,7
2007,11800,1974,5,5
2007,8660,1976,5,5
2007,9720,1977,5,5
2007,8982,1977,5,5
2007,16300,1977,5,5
2007,9675,1975,5,5
2007,7700,1972,5,5
2007,10356,1975,5,5
2007,7200,1972,5,5
2007,7200,1972,5,4
2007,10386,2004,5,8
2007,9375,2002,5,8
2007,11354,2000,5,7
2007,8749,2002,5,7
2007,8749,2003,5,7
2007,8158,2002,5,7
2007,16226,1998,5,8
2007,11927,1994,5,8
2007,12728,2001,5,8
2007,15295,1996,5,7
2007,11248,2002,5,9
2007,10000,1995,5,8
2007,4435,2003,5,6
2007,17227,1999,5,8
2007,8200,2003,5,7
2007,8450,2003,5,7
2007,8145,2007,5,7
2007,9245,2006,5,7
2007,8500,2004,5,7
2007,8769,2005,5,7
2007,8334,2006,5,6
2007,8333,2006,5,7
2007,9045,2005,5,5
2007,9170,1965,7,5
2007,9825,1967,7,5
2007,8308,1963,7,4
2007,10921,1965,7,4
2007,16287,1925,7,5
2007,8240,1960,7,6
2007,11841,1990,7,6
2007,6285,1976,7,6
2007,7917,1976,7,6
2007,9555,1979,7,5
2007,8536,2006,7,5
2007,7024,2005,7,5
2007,7023,2005,7,5
2007,39290,2008,7,10
2007,40094,2007,7,10
2007,3675,2005,7,6
2007,6400,1959,7,5
2007,6882,1955,7,4
2007,10215,1954,7,4
2007,8741,1946,7,5
2007,4270,1931,7,3
2007,10042,1920,7,6
2007,9450,1954,7,4
2007,11767,1910,7,4
2007,8172,1955,7,4
2007,8172,1955,7,4
2007,8190,1954,7,4
2007,10896,1914,21,6
2007,10890,1923,21,5
2007,10592,1923,6,6
2007,10594,1926,6,5
2007,7223,1926,6,5
2007,6821,1921,6,6
2007,7200,1937,21,5
2007,4000,1930,6,7
2007,6720,1921,6,6
2007,7642,1918,6,7
2007,7155,1926,6,6
2007,7128,1941,6,7
2007,4280,1913,6,5
2007,5362,1910,6,5
2007,6305,1938,6,5
2007,7136,1946,6,6
2007,6270,1949,6,5
2007,7230,1927,6,7
2007,13108,1951,6,5
2007,22420,1918,6,6
2007,12168,1934,6,8
2007,7810,1930,6,4
2007,11275,1932,6,6
2007,6221,1941,6,5
2007,10570,1932,6,8
2007,7259,1945,6,6
2007,14442,1957,6,6
2007,13125,1940,6,7
2007,21000,1953,6,6
2007,25485,1960,6,6
2007,21579,1968,6,6
2007,1782,1980,1,6
2007,17871,1995,6,4
2007,3907,1988,1,8
2007,20693,1971,6,7
2007,32668,1957,6,6
2007,18044,1986,6,8
2007,8500,1919,11,5
2007,7000,1940,11,6
2007,5000,1941,11,5
2007,7288,1925,11,5
2007,6060,1939,11,4
2007,9060,1923,11,5
2007,3672,1922,11,5
2007,8263,1920,11,6
2007,8967,1920,11,5
2007,13710,1950,11,5
2007,11067,1939,11,2
2007,8250,1895,11,5
2007,6565,1957,11,4
2007,6060,1930,11,5
2007,5568,2006,6,8
2007,4750,2006,6,8
2007,12150,1979,14,6
2007,7540,1978,14,6
2007,9187,1983,14,6
2007,10000,2002,14,5
2007,12864,2002,14,7
2007,9928,1991,14,7
2007,8750,1975,14,7
2007,8410,1974,14,6
2007,4054,1987,26,7
2007,9763,1998,10,7
2007,16905,1959,26,5
2007,19958,1958,26,6
2007,8368,2006,26,7
2007,8298,2006,26,8
2007,9037,2006,26,8
2007,10991,2007,26,8
2007,10656,2006,26,8
2007,10331,1985,26,7
2007,13758,1990,26,7
2007,9303,1996,26,6
2007,6718,2001,26,8
2007,9590,2003,26,7
2007,11305,2002,26,8
2007,7777,1996,26,6
2007,14536,2002,26,8
2007,11800,2003,26,7
2007,35133,1963,26,5
2007,15306,2006,26,8
2007,12633,2006,26,10
2007,12665,2005,26,8
2007,8402,2007,14,5
2007,43500,1953,14,3
2007,6710,1996,14,6
2007,25286,1963,14,4
2007,25000,1967,14,5
2007,32463,1961,14,4
2007,4224,1976,13,5
2007,4224,1976,13,5
2007,1504,1972,13,4
2007,1533,1970,13,4
2007,1495,1970,13,4
2007,2001,1970,13,4
2007,1936,1970,13,4
2007,1890,1976,13,4
2007,11333,1976,14,6
2007,9129,1977,14,5
2007,15957,1977,14,6
2007,33983,1977,14,5
2007,8286,1977,14,5
2007,6723,1971,14,5
2007,7244,1970,14,5
2007,27697,1961,14,4
2007,7599,1982,14,4
2007,11000,1976,14,5
2007,8314,1982,14,5
2007,11625,1983,14,5
2007,10712,1991,14,5
2007,10447,1984,14,5
2006,11027,1954,15,6
2006,10533,1956,15,6
2006,11765,1957,15,5
2006,39384,1957,15,6
2006,11727,1969,15,7
2006,8238,1997,8,6
2006,13006,1997,8,7
2006,13041,1995,8,6
2006,13031,1995,8,6
2006,9783,1996,8,6
2006,11207,1997,8,6
2006,19378,2005,8,7
2006,14859,2006,8,7
2006,13128,2005,8,8
2006,10463,2005,8,8
2006,13751,2005,8,7
2006,23257,2006,8,7
2006,13108,1994,25,8
2006,8076,1993,8,6
2006,7685,1993,8,6
2006,9084,1998,8,7
2006,3701,1987,25,8
2006,5306,1987,25,7
2006,6563,1985,25,8
2006,16023,2005,25,9
2006,18062,2006,25,10
2006,12292,2006,25,9
2006,16056,2005,25,9
2006,12438,2006,25,8
2006,16052,2006,25,10
2006,15922,2005,25,9
2006,13682,2006,25,10
2006,14762,1948,8,5
2006,34650,1955,8,5
2006,8147,2005,25,9
2006,11302,2005,25,8
2006,18261,2005,25,9
2006,14145,1984,17,7
2006,13837,1988,17,7
2006,16659,1977,17,7
2006,18800,1976,17,6
2006,10464,1980,17,6
2006,10400,1988,17,7
2006,10530,1978,17,7
2006,10240,1980,17,6
2006,16692,1978,17,7
2006,11475,1975,17,6
2006,9927,1976,17,7
2006,9512,2005,24,7
2006,10530,1975,17,6
2006,10140,1975,17,5
2006,10140,1976,17,7
2006,10140,1974,17,6
2006,10000,1974,17,6
2006,15870,1969,15,5
2006,9353,1970,15,4
2006,8125,1971,15,4
2006,7200,1971,15,4
2006,8773,2002,15,6
2006,2760,1973,2,6
2006,2160,1973,2,5
2006,1953,1973,2,6
2006,1890,1972,2,6
2006,1680,1971,2,6
2006,1680,1972,2,6
2006,1680,1972,2,6
2006,1680,1972,2,6
2006,1680,1972,2,6
2006,4043,1975,16,6
2006,7514,1967,15,5
2006,7838,1967,15,5
2006,2280,1976,16,7
2006,2179,1976,16,6
2006,16737,2004,19,9
2006,16387,2006,19,9
2006,16259,2006,19,9
2006,16163,2004,19,8
2006,13891,2006,19,10
2006,12228,2006,19,7
2006,14780,2005,19,9
2006,16033,2004,19,9
2006,14215,2005,19,8
2006,13418,2004,19,8
2006,13975,2005,19,9
2006,10240,2005,19,8
2006,9942,2005,19,9
2006,11924,2005,19,9
2006,12867,2005,19,8
2006,10672,2006,19,8
2006,11643,2005,19,8
2006,12378,2003,19,9
2006,11065,2006,19,8
2006,13758,2005,19,9
2006,14828,2004,19,9
2006,11846,2003,19,9
2006,20431,2005,19,9
2006,10927,2005,19,8
2006,13215,2004,19,8
2006,7052,2005,19,7
2006,5911,2005,19,9
2006,6955,2005,19,7
2006,6792,2005,19,7
2006,7740,2006,19,9
2006,6373,2006,19,9
2006,3136,2003,19,7
2006,10237,2005,8,6
2006,10237,2005,8,6
2006,10237,2006,8,7
2006,17104,2006,8,7
2006,14054,2006,8,7
2006,11660,2006,8,6
2006,15578,2006,8,6
2006,11631,2004,8,8
2006,9073,2006,8,7
2006,3087,2006,0,7
2006,3196,2003,0,7
2006,3196,2003,0,8
2006,2938,2002,0,7
2006,3072,2004,0,7
2006,3072,2004,0,7
2006,3010,2005,0,7
2006,3010,2005,0,7
2006,3013,2005,0,7
2006,3982,2006,0,8
2006,4045,2006,0,7
2006,21930,2005,8,5
2006,7861,2002,8,6
2006,9056,2004,8,8
2006,9171,2004,8,7
2006,11194,2000,8,8
2006,7875,2003,8,7
2006,8121,2000,8,6
2006,8658,2000,8,6
2006,11214,1998,8,7
2006,10852,2000,8,6
2006,12104,2006,8,7
2006,8738,1999,8,7
2006,9452,1997,18,8
2006,9660,1998,18,8
2006,9545,2000,18,8
2006,35760,1995,18,10
2006,9233,2000,18,9
2006,12011,1998,18,8
2006,12090,1998,18,8
2006,10019,1995,18,8
2006,17242,1993,18,9
2006,10236,1994,18,8
2006,10120,1994,18,8
2006,12585,1993,18,8
2006,12447,2005,24,8
2006,15218,2006,24,8
2006,20896,2005,24,8
2006,10182,2006,24,8
2006,8688,2005,24,7
2006,10936,2006,24,8
2006,8640,2006,24,8
2006,13162,2006,24,9
2006,11216,2006,24,8
2006,10728,2006,24,8
2006,8125,2005,24,7
2006,8125,2005,24,6
2006,8125,2006,24,7
2006,7200,2006,24,6
2006,7500,2005,24,7
2006,7200,2006,24,7
2006,7733,2005,23,6
2006,11024,2005,23,7
2006,13072,2005,23,6
2006,13072,2005,23,6
2006,13072,2004,23,6
2006,7800,2005,23,7
2006,7632,2005,23,7
2006,8304,1997,23,6
2006,7153,1992,23,6
2006,9370,1992,23,6
2006,7175,1990,23,6
2006,7175,1991,23,6
2006,9019,1994,23,6
2006,8900,1966,23,4
2006,7800,1965,23,5
2006,9100,1962,22,5
2006,9100,1963,22,5
2006,8927,1977,22,6
2006,9240,1962,22,5
2006,8471,1977,22,6
2006,9308,1965,22,5
2006,8450,1968,22,5
2006,8638,1963,22,5
2006,13052,1965,22,5
2006,13526,1965,22,5
2006,8020,1964,22,5
2006,6993,1961,22,5
2006,8789,1967,22,5
2006,14330,1974,27,7
2006,16059,1991,18,8
2006,11025,1992,18,8
2006,14541,1993,18,8
2006,13346,1992,18,7
2006,12461,1994,18,8
2006,3628,2004,24,7
2006,3316,2005,24,8
2006,3180,2005,24,7
2006,2544,2005,24,7
2006,2544,2005,24,7
2006,3180,2005,24,7
2006,2998,2000,24,6
2006,3735,1999,24,7
2006,2651,2000,24,7
2006,4447,2003,24,7
2006,8314,1997,24,7
2006,7180,2001,24,8
2006,9549,1995,27,8
2006,11250,1977,27,6
2006,3760,1980,9,8
2006,3640,1980,9,8
2006,3874,1980,9,8
2006,3876,1978,9,8
2006,50271,1981,27,9
2006,13110,1972,17,5
2006,10192,1968,17,7
2006,20781,1968,17,7
2006,11700,1968,17,6
2006,11029,1968,17,6
2006,10400,1972,17,6
2006,10140,1967,17,7
2006,9600,1969,17,7
2006,9750,1967,15,5
2006,9600,1968,15,5
2006,8640,1968,15,5
2006,9360,1968,15,6
2006,8400,1968,15,5
2006,8400,1968,15,5
2006,9759,1966,15,5
2006,9600,1967,15,5
2006,9230,1965,15,5
2006,14803,1971,17,6
2006,10659,1961,15,5
2006,9100,1958,15,5
2006,8393,1959,15,5
2006,8800,1965,15,6
2006,8800,1964,15,6
2006,10368,1964,15,6
2006,9350,1964,15,5
2006,10382,1958,15,6
2006,8973,1958,15,5
2006,10800,1960,15,5
2006,8550,1934,15,6
2006,11425,1954,15,5
2006,9724,1947,15,5
2006,4712,1946,3,4
2006,5900,1923,3,4
2006,5825,1926,3,4
2006,7438,1908,3,5
2006,9600,1961,15,5
2006,10858,1952,15,5
2006,9600,1951,15,5
2006,10680,1951,15,5
2006,9490,1941,15,6
2006,9462,1949,15,5
2006,9888,1954,15,5
2006,8917,1967,15,5
2006,12700,1964,15,6
2006,8500,1961,15,5
2006,14200,1966,15,7
2006,9000,1954,15,5
2006,25419,1918,15,8
2006,9723,1963,15,6
2006,7728,1962,15,5
2006,8163,1959,15,5
2006,8400,1957,15,5
2006,11600,1960,15,6
2006,9610,1958,15,6
2006,10000,1956,15,5
2006,14850,1957,15,5
2006,10152,1956,15,6
2006,10011,1957,15,5
2006,7032,1979,15,5
2006,8092,1954,15,6
2006,11310,1954,15,6
2006,12778,1952,15,5
2006,10170,1951,15,6
2006,7700,1956,15,5
2006,11050,1956,15,5
2006,13600,1955,15,5
2006,15428,1951,15,5
2006,21299,1941,15,7
2006,13300,1956,15,5
2006,22136,1925,20,5
2006,7500,1947,15,6
2006,7000,1924,20,6
2006,10410,1930,20,3
2006,5400,1954,20,5
2006,5400,1921,20,5
2006,10914,1929,15,3
2006,7008,1900,20,4
2006,10800,1920,20,5
2006,7200,1915,20,6
2006,10818,1910,20,4
2006,10410,1915,20,3
2006,10800,1900,20,5
2006,10800,1936,20,5
2006,8658,1965,15,6
2006,13400,1966,15,5
2006,10184,1963,15,6
2006,9786,1962,15,6
2006,9510,1962,15,6
2006,7800,1964,15,5
2006,8910,1959,15,6
2006,7332,1959,15,6
2006,7100,1957,15,5
2006,10800,1961,15,6
2006,11650,1959,15,7
2006,18275,1962,15,7
2006,16321,1957,15,5
2006,12144,1950,15,4
2006,10800,1949,15,4
2006,7200,1950,15,5
2006,7200,1950,15,4
2006,7560,1959,15,5
2006,8544,1950,15,3
2006,8544,1949,15,3
2006,8544,1950,15,3
2006,8512,1960,15,5
2006,7945,1959,15,5
2006,7000,1961,15,5
2006,7590,1966,15,6
2006,10205,1962,15,5
2006,7400,1962,15,7
2006,7000,1962,15,5
2006,7000,1962,15,5
2006,9856,1900,20,5
2006,9906,1925,20,4
2006,9600,1948,20,5
2006,5520,1920,20,4
2006,9600,1900,20,6
2006,9600,1925,20,7
2006,6451,1900,20,7
2006,3960,1930,20,7
2006,5684,1930,20,6
2006,7745,1900,20,4
2006,7741,1924,20,6
2006,5633,1925,20,5
2006,9000,1880,20,5
2006,7200,1950,20,4
2006,4400,1920,20,6
2006,7614,1905,20,3
2006,6000,1955,20,5
2006,6000,1924,20,5
2006,7830,1921,20,3
2006,9576,1945,20,6
2006,5820,1955,20,3
2006,5747,1920,20,3
2006,9142,1910,20,6
2006,9600,1900,20,4
2006,10800,1914,20,7
2006,6300,1910,20,7
2006,5000,1900,20,5
2006,8850,1916,20,7
2006,3600,1910,20,6
2006,7200,1920,20,7
2006,11340,1923,20,6
2006,22950,1892,20,10
2006,5976,1920,20,5
2006,9750,1958,20,5
2006,4761,1918,11,3
2006,7446,1941,3,4
2006,6435,1939,3,6
2006,11737,1924,3,6
2006,5000,1947,3,6
2006,7800,1939,20,5
2006,6240,1934,3,6
2006,6240,1936,3,5
2006,6120,1930,3,3
2006,6120,1925,3,5
2006,6240,1947,3,4
2006,6240,1928,3,5
2006,6120,1930,3,5
2006,6000,1925,20,6
2006,6000,1921,3,5
2006,6380,1922,3,5
2006,11672,1925,3,5
2006,33120,1962,20,6
2006,9873,1970,3,4
2006,5310,1910,20,6
2006,4118,1941,20,4
2006,10320,1924,11,4
2006,7518,1910,11,5
2006,9000,1919,11,5
2006,8600,1937,11,6
2006,7200,1938,11,5
2006,9786,1922,11,3
2006,6780,1935,11,6
2006,7200,1930,11,6
2006,12375,1951,22,5
2006,11136,1964,22,6
2006,21370,1950,22,5
2006,6930,1958,4,5
2006,8250,1935,7,5
2006,5220,1936,21,5
2006,5500,2004,21,7
2006,11235,1963,22,4
2006,10791,1967,22,4
2006,8414,1963,22,6
2006,11327,1967,22,5
2006,11777,1966,22,5
2006,10366,1964,22,6
2006,9000,1966,22,5
2006,11553,1968,22,5
2006,7844,1978,22,6
2006,9535,1967,22,5
2006,10335,1968,22,5
2006,7176,1978,22,6
2006,9662,1977,22,5
2006,8235,1977,22,5
2006,13650,1958,22,5
2006,13125,1957,22,5
2006,17920,1955,22,5
2006,17529,1924,22,5
2006,10246,1965,22,4
2006,14175,1956,22,5
2006,20355,1967,4,7
2006,13050,1963,4,5
2006,15593,1953,4,7
2006,10820,1971,22,5
2006,13350,1974,22,5
2006,1700,1980,4,7
2006,5271,1986,4,7
2006,9375,1954,7,4
2006,6488,1942,7,5
2006,7800,1948,7,5
2006,19690,1966,7,6
2006,19950,1928,7,6
2006,19800,1935,7,6
2006,11679,1962,7,5
2006,12048,1952,7,5
2006,10519,1955,7,5
2006,9525,1954,7,6
2006,9525,1953,7,6
2006,6420,1952,7,5
2006,8335,1954,7,5
2006,7585,1948,7,5
2006,11200,1985,23,6
2006,12128,1989,23,6
2006,9554,1993,23,8
2006,9069,1993,23,6
2006,11003,2005,5,7
2006,7488,2005,5,7
2006,7406,2006,5,7
2006,6762,2006,5,7
2006,11210,2005,5,7
2006,8990,2006,5,7
2006,8760,2006,5,7
2006,13377,2006,5,6
2006,11645,2005,5,7
2006,11645,2005,5,8
2006,10984,2005,5,7
2006,9316,2005,5,7
2006,9316,2005,5,7
2006,10041,1992,23,8
2006,36500,1964,4,5
2006,21453,1969,4,6
2006,70761,1975,4,7
2006,12000,1968,4,6
2006,8846,1996,5,5
2006,13015,1996,5,5
2006,12438,1995,5,6
2006,8685,1998,5,7
2006,13568,1995,5,5
2006,9100,2000,5,7
2006,9236,1997,5,6
2006,10264,1999,5,7
2006,9272,1999,5,7
2006,13426,1999,5,7
2006,13450,2002,5,7
2006,14006,2002,5,7
2006,13704,2001,5,7
2006,10780,1976,5,5
2006,8340,1977,5,6
2006,10385,1978,5,6
2006,9920,1969,5,5
2006,9560,1972,5,5
2006,9800,1972,5,5
2006,7200,1972,5,5
2006,3612,1993,12,6
2006,11367,2002,5,8
2006,9930,2002,5,7
2006,9468,1999,5,6
2006,11088,2002,5,8
2006,14781,2001,5,8
2006,8726,2002,5,7
2006,8125,2002,5,7
2006,10566,1999,5,8
2006,21533,1996,5,7
2006,11250,1998,5,7
2006,11250,1995,5,7
2006,9750,1998,5,7
2006,9100,2004,5,7
2006,4435,2003,5,6
2006,4435,2004,5,6
2006,15611,2006,5,8
2006,8810,2003,5,7
2006,12393,2004,5,7
2006,9135,2003,5,6
2006,8581,2006,5,7
2006,8400,2005,5,7
2006,10084,2005,5,7
2006,11645,2004,5,7
2006,8772,2005,5,7
2006,8846,2005,5,6
2006,8461,2005,5,6
2006,8767,2005,5,7
2006,8777,1910,7,4
2006,17755,1959,7,5
2006,8877,1951,7,4
2006,7840,1975,7,6
2006,9400,1975,7,6
2006,16133,1969,7,5
2006,7162,2003,7,7
2006,8050,2002,7,6
2006,11060,2003,7,7
2006,3675,2005,7,5
2006,3675,2005,7,6
2006,3675,2005,7,6
2006,2522,2004,7,7
2006,2522,2004,7,7
2006,2522,2004,7,6
2006,2522,2004,7,7
2006,3363,2004,7,7
2006,6956,1948,7,4
2006,7822,1915,7,6
2006,8707,1924,7,4
2006,8410,1910,7,5
2006,9738,1924,7,5
2006,8172,1955,7,5
2006,16012,1954,7,4
2006,8248,1918,7,5
2006,8248,1922,7,4
2006,6204,1912,21,4
2006,8088,1922,7,2
2006,11388,1910,7,4
2006,7082,1916,21,5
2006,8400,1940,21,6
2006,10890,1938,21,5
2006,6430,1945,21,6
2006,7000,1926,21,7
2006,13132,1914,6,5
2006,4899,1920,21,6
2006,6000,1926,21,5
2006,9399,1919,6,7
2006,7588,1920,6,7
2006,10164,1939,21,5
2006,6191,1941,21,5
2006,9550,1915,6,7
2006,21780,1920,6,6
2006,11435,1929,6,8
2006,12400,1940,6,5
2006,11600,1922,6,4
2006,11500,1936,6,7
2006,8170,1929,6,7
2006,16560,1932,6,6
2006,12320,1932,6,7
2006,14210,1930,6,6
2006,14115,1956,6,6
2006,12984,1977,6,5
2006,15600,1950,6,5
2006,15750,1953,6,5
2006,16381,1969,6,6
2006,7288,1942,11,5
2006,7000,1926,11,6
2006,8534,1925,11,4
2006,7030,1925,11,4
2006,8765,1936,11,4
2006,9060,1957,11,6
2006,11040,1920,11,4
2006,12366,1945,11,3
2006,9000,1949,11,2
2006,9000,1951,11,5
2006,8520,1916,11,3
2006,5748,2005,6,8
2006,3842,2004,6,8
2006,23580,1979,14,6
2006,8385,1978,14,6
2006,9116,2001,14,8
2006,10530,1977,14,6
2006,11080,1975,14,6
2006,11070,1988,14,7
2006,26178,1989,26,7
2006,8239,1986,10,7
2006,50102,1958,26,6
2006,16669,1981,26,8
2006,13811,1987,26,6
2006,8049,1990,26,7
2006,11170,1990,26,7
2006,8098,2000,26,6
2006,14331,2002,26,8
2006,13618,2005,26,8
2006,11443,2005,26,8
2006,11577,2005,26,9
2006,31250,1951,14,1
2006,7020,1997,14,7
2006,4500,1998,14,6
2006,4500,1998,14,6
2006,17217,2006,14,5
2006,2665,1977,13,5
2006,2665,1977,13,5
2006,3964,1973,13,6
2006,10172,1968,14,5
2006,11836,1970,14,5
2006,1470,1970,13,4
2006,1484,1972,13,4
2006,13384,1969,14,5
2006,1533,1970,13,5
2006,1533,1970,13,4
2006,1526,1970,13,4
2006,1936,1970,13,4
2006,1894,1970,13,4
2006,12640,1976,14,6
2006,9297,1976,14,5
2006,17400,1977,14,5
2006,20000,1960,14,5
2006,7937,1984,14,6
2006,8885,1983,14,5
2006,10441,1992,14,5
2006,10010,1974,14,5
2006,9627,1993,14,7
